{
  "id": "12ddasd343234s",
  "totalPrice": 400,
  "purchaseDate": "2020-01-20",
  "purchaseTime": "23:59:59",
  "items": [
    {
      "title": "BATTERED SAUSAGE",
      "price": 100,
      "returnPeriod": 28
    },
    {
      "title": "BATTERED MELON",
      "price": 300,
      "returnPeriod": 28
    }
  ],
  "vatValue": 80,
  "vatNumber": 262897,
  "authorisationCode": 12345,
  "vendor": "Tesco",
  "storeName": "Scunthorpe Superstore",
  "storePhoneNo": "020 8753 8888",
  "storeLocation": {
    "company": "Tesco Supermarkets Ltd",
    "road": "42 Doncaster Road",
    "town": "Scunthorpe",
    "postcode": "DN15 8GR"
  },
  "app": "Rbuddie",
  "tenderType": "VISA",
  "amountTendered": 400,
  "change": 0
}
