[
  {
    "quote": "Oh, so they have Internet on computers now!",
    "character": "Homer Simpson",
    "image": "https://cdn.glitch.com/3c3ffadc-3406-4440-bb95-d40ec8fcde72%2FHomerSimpson.png?1497567511939",
    "characterDirection": "Right"
  },
  {
    "quote": "By chilling my loins I increase the chances of impregnating my wife.",
    "character": "Apu Nahasapeemapetilon",
    "image": "https://cdn.glitch.com/3c3ffadc-3406-4440-bb95-d40ec8fcde72%2FApuNahasapeemapetilon.png?1497567511629",
    "characterDirection": "Left"
  },
  {
    "quote": "When I catch you, I'm gonna pull out your eyes and stick 'em down your pants so you can watch me kick the crap outta you, okay? Next I'm gonna use your tongue to paint my boat!",
    "character": "Moe Szyslak",
    "image": "https://cdn.glitch.com/3c3ffadc-3406-4440-bb95-d40ec8fcde72%2FMoeSzyslak.png?1497567512411",
    "characterDirection": "Right"
  },
  {
    "quote": "Gah, stupid sexy Flanders!",
    "character": "Homer Simpson",
    "image": "https://cdn.glitch.com/3c3ffadc-3406-4440-bb95-d40ec8fcde72%2FHomerSimpson.png?1497567511939",
    "characterDirection": "Right"
  },
  {
    "quote": "Ahh! Sweet liquor eases the pain.",
    "character": "Troy McClure",
    "image": "https://cdn.glitch.com/3c3ffadc-3406-4440-bb95-d40ec8fcde72%2FTroyMcClure.png?1497567511112",
    "characterDirection": "Right"
  },
  {
    "quote": "Ah, be creative. Instead of making sandwhiches with bread, use Pop-Tarts. Instead of chewing gum, chew bacon.",
    "character": "Dr. Nick",
    "image": "https://cdn.glitch.com/3c3ffadc-3406-4440-bb95-d40ec8fcde72%2FNickRiviera.png?1497567511084",
    "characterDirection": "Right"
  },
  {
    "quote": "Hello, Simpson. I'm riding the bus today becuase Mother hid my car keys to punish me for talking to a woman on the phone. She was right to do it.",
    "character": "Principal Skinner",
    "image": "https://cdn.glitch.com/3c3ffadc-3406-4440-bb95-d40ec8fcde72%2FSeymourSkinner.png?1497567511460",
    "characterDirection": "Right"
  },
  {
    "quote": "Shoplifting is a victimless crime, like punching someone in the dark.",
    "character": "Nelson Muntz",
    "image": "https://cdn.glitch.com/3c3ffadc-3406-4440-bb95-d40ec8fcde72%2FNelsonMuntz.png?1497567511185",
    "characterDirection": "Left"
  },
  {
    "quote": "Shut up, brain. I got friends now. I don't need you anymore.",
    "character": "Lisa Simpson",
    "image": "https://cdn.glitch.com/3c3ffadc-3406-4440-bb95-d40ec8fcde72%2FLisaSimpson.png?1497567512083",
    "characterDirection": "Right"
  },
  {
    "quote": "Hey, I'm the chief here. Bake him away, toys.",
    "character": "Chief Wiggum",
    "image": "https://cdn.glitch.com/3c3ffadc-3406-4440-bb95-d40ec8fcde72%2FChiefWiggum.png?1497567511716",
    "characterDirection": "Left"
  },
  {
    "quote": "But my mom says I'm cool.",
    "character": "Milhouse Van Houten",
    "image": "https://cdn.glitch.com/3c3ffadc-3406-4440-bb95-d40ec8fcde72%2FMilhouseVanHouten.png?1497567513002",
    "characterDirection": "Right"
  },
  {
    "quote": "I hope I didn't brain my damage.",
    "character": "Homer Simpson",
    "image": "https://cdn.glitch.com/3c3ffadc-3406-4440-bb95-d40ec8fcde72%2FHomerSimpson.png?1497567511939",
    "characterDirection": "Right"
  },
  {
    "quote": "I used to be with it. But then they changed what it was. Now what I'm with isn't it, and what's it seems scary and wierd. It'll happen to you.",
    "character": "Abe Simpson",
    "image": "https://cdn.glitch.com/3c3ffadc-3406-4440-bb95-d40ec8fcde72%2FAbrahamSimpson.png?1497567511593",
    "characterDirection": "Right"
  },
  {
    "quote": "Yeah. Call this an unfair generalization if you must.. but old people are no good at everything",
    "character": "Moe Szyslak",
    "image": "https://cdn.glitch.com/3c3ffadc-3406-4440-bb95-d40ec8fcde72%2FMoeSzyslak.png?1497567512411",
    "characterDirection": "Right"
  },
  {
    "quote": "Well, I'm better than dirt. Well, most kinds of dirt. I mean not that fancy store bought dirt. That stuffs loaded with nutrients. I.. I can't compete with that stuff.",
    "character": "Moe Szyslak",
    "image": "https://cdn.glitch.com/3c3ffadc-3406-4440-bb95-d40ec8fcde72%2FMoeSzyslak.png?1497567512411",
    "characterDirection": "Right"
  },
  {
    "quote": "Nothing you say can upset us. We're the MTV generation.",
    "character": "Bart Simpson",
    "image": "https://cdn.glitch.com/3c3ffadc-3406-4440-bb95-d40ec8fcde72%2FBartSimpson.png?1497567511638",
    "characterDirection": "Right"
  },
  {
    "quote": "My eyes! The goggles do nothing!",
    "character": "Rainier Wolfcastle",
    "image": "https://cdn.glitch.com/3c3ffadc-3406-4440-bb95-d40ec8fcde72%2FRainierWolfcastle.png?1497567511035",
    "characterDirection": "Right"
  },
  {
    "quote": "Marriage is like a coffin and each kid is another nail.",
    "character": "Homer Simpson",
    "image": "https://cdn.glitch.com/3c3ffadc-3406-4440-bb95-d40ec8fcde72%2FHomerSimpson.png?1497567511939",
    "characterDirection": "Right"
  },
  {
    "quote": "I think women and seamen don't mix",
    "character": "Waylon Smithers",
    "image": "https://cdn.glitch.com/3c3ffadc-3406-4440-bb95-d40ec8fcde72%2FWaylonSmithers.png?1497567511840",
    "characterDirection": "Left"
  },
  {
    "quote": "Doughnuts? I told you I don't like ethnic food",
    "character": "Mr. Burns",
    "image": "https://cdn.glitch.com/3c3ffadc-3406-4440-bb95-d40ec8fcde72%2FMrBurns.png?1497567512188",
    "characterDirection": "Right"
  },
  {
    "quote": "Thank you. Come again.",
    "character": "Apu Nahasapeemapetilon",
    "image": "https://cdn.glitch.com/3c3ffadc-3406-4440-bb95-d40ec8fcde72%2FApuNahasapeemapetilon.png?1497567511629",
    "characterDirection": "Left"
  },
  {
    "quote": "All I'm gonna use this bed for is sleeping, eating and maybe building a little fort.",
    "character": "Homer Simpson",
    "image": "https://cdn.glitch.com/3c3ffadc-3406-4440-bb95-d40ec8fcde72%2FHomerSimpson.png?1497567511939",
    "characterDirection": "Right"
  },
  {
    "quote": "Back in Edinburg, we had a coal miners strike. All we wanted were hats with a wee light on top. Then one day the mine collapsed. No one made it out alive, not even Willie!",
    "character": "Groundskeeper Willie",
    "image": "https://cdn.glitch.com/3c3ffadc-3406-4440-bb95-d40ec8fcde72%2FGroundskeeperWillie.png?1497567512063",
    "characterDirection": "Right"
  },
  {
    "quote": "Remember the time he ate my goldfish? And you lied and said I never had a goldfish. Then why did I have the bowl, Bart? Why did I have the bowl?",
    "character": "Milhouse Van Houten",
    "image": "https://cdn.glitch.com/3c3ffadc-3406-4440-bb95-d40ec8fcde72%2FMilhouseVanHouten.png?1497567513002",
    "characterDirection": "Right"
  },
  {
    "quote": "I'm sleeping in the bath tub.",
    "character": "Marge Simpson",
    "image": "https://cdn.glitch.com/3c3ffadc-3406-4440-bb95-d40ec8fcde72%2FMargeSimpson.png?1497567512205",
    "characterDirection": "Right"
  },
  {
    "quote": "I live in a single room above a bowling alley...and below another bowling alley.",
    "character": "Frank Grimes",
    "image": "https://cdn.glitch.com/3c3ffadc-3406-4440-bb95-d40ec8fcde72%2FFrankGrimes.png?1497567511887",
    "characterDirection": "Left"
  },
  {
    "quote": "I can't even say the word 'titmouse' without gigggling like a schoolgirl.",
    "character": "Homer Simpson",
    "image": "https://cdn.glitch.com/3c3ffadc-3406-4440-bb95-d40ec8fcde72%2FHomerSimpson.png?1497567511939",
    "characterDirection": "Right"
  },
  {
    "quote": "I don't want to sound like a killjoy, but becuase this is not to my taste I don't think anyone else should be allowed to enjoy it.",
    "character": "Marge Simpson",
    "image": "https://cdn.glitch.com/3c3ffadc-3406-4440-bb95-d40ec8fcde72%2FMargeSimpson.png?1497567512205",
    "characterDirection": "Right"
  },
  {
    "quote": "Last night's \"Itchy & Scratchy\" was, without a doubt, the worst episode ever. Rest assured that I was on the Internet within minutes, registering my disgust throughout the world.",
    "character": "Comic Book Guy",
    "image": "https://cdn.glitch.com/3c3ffadc-3406-4440-bb95-d40ec8fcde72%2FComicBookGuy.png?1497567511970",
    "characterDirection": "Right"
  },
  {
    "quote": "Oh boy, sleep! That's where I'm a viking!",
    "character": "Ralph Wiggum",
    "image": "https://cdn.glitch.com/3c3ffadc-3406-4440-bb95-d40ec8fcde72%2FRalphWiggum.png?1497567511523",
    "characterDirection": "Left"
  },
  {
    "quote": "Inflammable means flammable? What a country!",
    "character": "Dr. Nick",
    "image": "https://cdn.glitch.com/3c3ffadc-3406-4440-bb95-d40ec8fcde72%2FNickRiviera.png?1497567511084",
    "characterDirection": "Right"
  },
  {
    "quote": "Why are you pleople avoiding me? Does my withered face remind you of the grim specter of death?",
    "character": "Abe Simpson",
    "image": "https://cdn.glitch.com/3c3ffadc-3406-4440-bb95-d40ec8fcde72%2FAbrahamSimpson.png?1497567511593",
    "characterDirection": "Right"
  },
  {
    "quote": "Me fail English? That's unpossible.",
    "character": "Ralph Wiggum",
    "image": "https://cdn.glitch.com/3c3ffadc-3406-4440-bb95-d40ec8fcde72%2FRalphWiggum.png?1497567511523",
    "characterDirection": "Left"
  },
  {
    "quote": "Can't we have one meeting that doesn't end with us digging up a corpse?",
    "character": "Mayor Quimby",
    "image": "https://cdn.glitch.com/3c3ffadc-3406-4440-bb95-d40ec8fcde72%2FMayorQuimby.png?1497627527799",
    "characterDirection": "Left"
  },
  {
    "quote": "They taste like...burning.",
    "character": "Ralph Wiggum",
    "image": "https://cdn.glitch.com/3c3ffadc-3406-4440-bb95-d40ec8fcde72%2FRalphWiggum.png?1497567511523",
    "characterDirection": "Left"
  },
  {
    "quote": "For once maybe someone will call me \"sir\" without adding, \"You're making a scene.\"",
    "character": "Homer Simpson",
    "image": "https://cdn.glitch.com/3c3ffadc-3406-4440-bb95-d40ec8fcde72%2FHomerSimpson.png?1497567511939",
    "characterDirection": "Right"
  },
  {
    "quote": "Facts are meaningless. You could use facts to prove anything that's even remotely true.",
    "character": "Homer Simpson",
    "image": "https://cdn.glitch.com/3c3ffadc-3406-4440-bb95-d40ec8fcde72%2FHomerSimpson.png?1497567511939",
    "characterDirection": "Right"
  },
  {
    "quote": "And this is the snack holder where I can put my beverage or, if you will, cupcake.",
    "character": "Homer Simpson",
    "image": "https://cdn.glitch.com/3c3ffadc-3406-4440-bb95-d40ec8fcde72%2FHomerSimpson.png?1497567511939",
    "characterDirection": "Right"
  },
  {
    "quote": "You're turning me into a criminal when all I want to be is a petty thug.",
    "character": "Bart Simpson",
    "image": "https://cdn.glitch.com/3c3ffadc-3406-4440-bb95-d40ec8fcde72%2FBartSimpson.png?1497567511638",
    "characterDirection": "Right"
  },
  {
    "quote": "Oh Yeah!",
    "character": "Duffman",
    "image": "https://cdn.glitch.com/3c3ffadc-3406-4440-bb95-d40ec8fcde72%2FDuffman.png?1497567511709",
    "characterDirection": "Left"
  },
  {
    "quote": "In theory, Communism works! In theory.",
    "character": "Homer Simpson",
    "image": "https://cdn.glitch.com/3c3ffadc-3406-4440-bb95-d40ec8fcde72%2FHomerSimpson.png?1497567511939",
    "characterDirection": "Right"
  },
  {
    "quote": "Eat my shorts",
    "character": "Bart Simpson",
    "image": "https://cdn.glitch.com/3c3ffadc-3406-4440-bb95-d40ec8fcde72%2FBartSimpson.png?1497567511638",
    "characterDirection": "Right"
  },
  {
    "quote": "Last night's 'Itchy and Scratchy' was, without a doubt, the worst episode ever. Rest assured that I was on the Internet within minutes, registering my disgust throughout the world.",
    "character": "Comic Book Guy",
    "image": "https://cdn.glitch.com/3c3ffadc-3406-4440-bb95-d40ec8fcde72%2FComicBookGuy.png?1497567511970",
    "characterDirection": "Right"
  },
  {
    "quote": "That's where I saw the leprechaun...He told me to burn things.",
    "character": "Ralph Wiggum",
    "image": "https://cdn.glitch.com/3c3ffadc-3406-4440-bb95-d40ec8fcde72%2FRalphWiggum.png?1497567511523",
    "characterDirection": "Left"
  },
  {
    "quote": "Ahh! Sweet liquor eases the pain.",
    "character": "Troy McClure",
    "image": "https://cdn.glitch.com/3c3ffadc-3406-4440-bb95-d40ec8fcde72%2FTroyMcClure.png?1497567511112",
    "characterDirection": "Right"
  },
  {
    "quote": "When I look at people I don't see colors; I just see crackpot religions.",
    "character": "Chief Wiggum",
    "image": "https://cdn.glitch.com/3c3ffadc-3406-4440-bb95-d40ec8fcde72%2FChiefWiggum.png?1497567511716",
    "characterDirection": "Left"
  },
  {
    "quote": "I believe the children are the future... Unless we stop them now!",
    "character": "Homer Simpson",
    "image": "https://cdn.glitch.com/3c3ffadc-3406-4440-bb95-d40ec8fcde72%2FHomerSimpson.png?1497567511939",
    "characterDirection": "Right"
  },
  {
    "quote": "These are my only friends...grown-up nerds like Gore Vidal. And even he's kissed more boys than I ever will.",
    "character": "Lisa Simpson",
    "image": "https://cdn.glitch.com/3c3ffadc-3406-4440-bb95-d40ec8fcde72%2FLisaSimpson.png?1497567512083",
    "characterDirection": "Right"
  },
  {
    "quote": "Oh, wow, windows. I don't think I could afford this place.",
    "character": "Otto",
    "image": "https://cdn.glitch.com/3c3ffadc-3406-4440-bb95-d40ec8fcde72%2FOttoMann.png?1497567511803",
    "characterDirection": "Left"
  },
  {
    "quote": "Hi, Super Nintendo Chalmers!",
    "character": "Ralph Wiggum",
    "image": "https://cdn.glitch.com/3c3ffadc-3406-4440-bb95-d40ec8fcde72%2FRalphWiggum.png?1497567511523",
    "characterDirection": "Left"
  }
]
