[
  {
    "username": "kiecroft",
    "highscore": 1000,
    "id": "1",
    "date": "14/07/2023"
  },
  {
    "username": "kajdiJ",
    "highscore": 5000,
    "id": "2",
    "date": "14/07/2023"
  },
  {
    "username": "rosiedog",
    "highscore": 4000,
    "id": "3",
    "date": "14/07/2023"
  },
  {
    "username": "shibadog",
    "highscore": 3000,
    "id": "4",
    "date": "14/07/2023"
  },
  {
    "username": "kenjirex",
    "highscore": 2000,
    "id": "5",
    "date": "14/07/2023"
  }
]
